<?xml version="1.0" ?>

<container xmlns="http://symfony.com/schema/dic/services"
           xmlns:xsi="http://www.w3.org/2001/XMLSchema-instance"
           xsi:schemaLocation="http://symfony.com/schema/dic/services http://symfony.com/schema/dic/services/services-1.0.xsd">

    <services>
        <service id="api_platform.data_collector.request" class="ApiPlatform\Core\Bridge\Symfony\Bundle\DataCollector\RequestDataCollector" public="false">
            <argument type="service" id="api_platform.metadata.resource.metadata_factory" />
            <argument type="service" id="api_platform.filter_locator" />
            <argument type="service" id="api_platform.collection_data_provider" />
            <argument type="service" id="api_platform.item_data_provider" />
            <argument type="service" id="api_platform.subresource_data_provider" />
            <argument type="service" id="api_platform.data_persister" />

            <tag
                name="data_collector"
                template="@ApiPlatform/DataCollector/request.html.twig"
                id="api_platform.data_collector.request"
                priority="334"
            />
            <!-- Priority 334 → Just after the "Request / Response" tab -->
        </service>
    </services>
</container>
