<?xml version="1.0" ?>

<container xmlns="http://symfony.com/schema/dic/services"
           xmlns:xsi="http://www.w3.org/2001/XMLSchema-instance"
           xsi:schemaLocation="http://symfony.com/schema/dic/services http://symfony.com/schema/dic/services/services-1.0.xsd">

    <services>
        <service id="api_platform.serializer_locator" class="Symfony\Component\DependencyInjection\ServiceLocator">
            <tag name="container.service_locator" />
            <argument type="collection">
                <argument key="serializer" type="service" id="api_platform.serializer" />
            </argument>
        </service>

        <service id="api_platform.item_data_provider" class="ApiPlatform\Core\DataProvider\ChainItemDataProvider">
            <argument type="tagged" tag="api_platform.item_data_provider" />
        </service>
        <service id="ApiPlatform\Core\DataProvider\ItemDataProviderInterface" alias="api_platform.item_data_provider" />

        <service id="api_platform.collection_data_provider" class="ApiPlatform\Core\DataProvider\ChainCollectionDataProvider">
            <argument type="tagged" tag="api_platform.collection_data_provider" />
        </service>
        <service id="ApiPlatform\Core\DataProvider\CollectionDataProviderInterface" alias="api_platform.collection_data_provider" />

        <service id="api_platform.subresource_data_provider" class="ApiPlatform\Core\DataProvider\ChainSubresourceDataProvider">
            <argument type="tagged" tag="api_platform.subresource_data_provider" />
        </service>
        <service id="ApiPlatform\Core\DataProvider\SubresourceDataProviderInterface" alias="api_platform.subresource_data_provider" />

        <service id="api_platform.pagination" class="ApiPlatform\Core\DataProvider\Pagination">
            <argument type="service" id="api_platform.metadata.resource.metadata_factory" />
            <argument>%api_platform.collection.pagination%</argument>
            <argument>%api_platform.graphql.collection.pagination%</argument>
        </service>
        <service id="ApiPlatform\Core\DataProvider\Pagination" alias="api_platform.pagination" />

        <service id="api_platform.pagination_options" class="ApiPlatform\Core\DataProvider\PaginationOptions">
            <argument>%api_platform.collection.pagination.enabled%</argument>
            <argument>%api_platform.collection.pagination.page_parameter_name%</argument>
            <argument>%api_platform.collection.pagination.client_items_per_page%</argument>
            <argument>%api_platform.collection.pagination.items_per_page_parameter_name%</argument>
            <argument>%api_platform.collection.pagination.client_enabled%</argument>
            <argument>%api_platform.collection.pagination.enabled_parameter_name%</argument>
        </service>
        <service id="ApiPlatform\Core\DataProvider\PaginationOptions" alias="api_platform.pagination_options" />

    </services>

</container>
