<?xml version="1.0" ?>

<container xmlns="http://symfony.com/schema/dic/services"
           xmlns:xsi="http://www.w3.org/2001/XMLSchema-instance"
           xsi:schemaLocation="http://symfony.com/schema/dic/services http://symfony.com/schema/dic/services/services-1.0.xsd">

    <services>
        <service id="api_platform.elasticsearch.client" class="Elasticsearch\Client" public="false" />

        <service id="api_platform.elasticsearch.metadata.resource.metadata_factory.operation" class="ApiPlatform\Core\Bridge\Elasticsearch\Metadata\Resource\Factory\ElasticsearchOperationResourceMetadataFactory" decorates="api_platform.metadata.resource.metadata_factory" decoration-priority="10" public="false">
            <argument type="service" id="api_platform.elasticsearch.metadata.resource.metadata_factory.operation.inner" />
        </service>

        <service id="api_platform.elasticsearch.cache.metadata.document" parent="cache.system" public="false">
            <tag name="cache.pool" />
        </service>

        <service id="api_platform.elasticsearch.metadata.document.metadata_factory" alias="api_platform.elasticsearch.metadata.document.metadata_factory.configured" />

        <service id="ApiPlatform\Core\Bridge\Elasticsearch\Metadata\Document\Factory\DocumentMetadataFactoryInterface" alias="api_platform.elasticsearch.metadata.document.metadata_factory" />

        <service id="api_platform.elasticsearch.metadata.document.metadata_factory.configured" class="ApiPlatform\Core\Bridge\Elasticsearch\Metadata\Document\Factory\ConfiguredDocumentMetadataFactory" public="false">
            <argument>%api_platform.elasticsearch.mapping%</argument>
        </service>

        <service id="api_platform.elasticsearch.metadata.document.metadata_factory.attribute" class="ApiPlatform\Core\Bridge\Elasticsearch\Metadata\Document\Factory\AttributeDocumentMetadataFactory" decorates="api_platform.elasticsearch.metadata.document.metadata_factory" decoration-priority="20" public="false">
            <argument type="service" id="api_platform.metadata.resource.metadata_factory" />
            <argument type="service" id="api_platform.elasticsearch.metadata.document.metadata_factory.attribute.inner" />
        </service>

        <service id="api_platform.elasticsearch.metadata.document.metadata_factory.cat" class="ApiPlatform\Core\Bridge\Elasticsearch\Metadata\Document\Factory\CatDocumentMetadataFactory" decorates="api_platform.elasticsearch.metadata.document.metadata_factory" decoration-priority="10" public="false">
            <argument type="service" id="api_platform.elasticsearch.client" />
            <argument type="service" id="api_platform.metadata.resource.metadata_factory" />
            <argument type="service" id="api_platform.elasticsearch.metadata.document.metadata_factory.cat.inner" />
        </service>

        <service id="api_platform.elasticsearch.metadata.document.metadata_factory.cached" class="ApiPlatform\Core\Bridge\Elasticsearch\Metadata\Document\Factory\CachedDocumentMetadataFactory" decorates="api_platform.elasticsearch.metadata.document.metadata_factory" decoration-priority="-10" public="false">
            <argument type="service" id="api_platform.elasticsearch.cache.metadata.document" />
            <argument type="service" id="api_platform.elasticsearch.metadata.document.metadata_factory.cached.inner" />
        </service>

        <service id="api_platform.elasticsearch.identifier_extractor" class="ApiPlatform\Core\Bridge\Elasticsearch\Api\IdentifierExtractor" public="false">
            <argument type="service" id="api_platform.identifiers_extractor" />
        </service>
        <service id="ApiPlatform\Core\Bridge\Elasticsearch\Api\IdentifierExtractorInterface" alias="api_platform.elasticsearch.identifier_extractor" />

        <service id="api_platform.elasticsearch.name_converter.inner_fields" class="ApiPlatform\Core\Bridge\Elasticsearch\Serializer\NameConverter\InnerFieldsNameConverter" public="false">
            <argument type="service" id="api_platform.name_converter" on-invalid="ignore" />
        </service>

        <service id="api_platform.elasticsearch.normalizer.item" class="ApiPlatform\Core\Bridge\Elasticsearch\Serializer\ItemNormalizer" public="false">
            <argument type="service" id="api_platform.elasticsearch.identifier_extractor" />
            <argument type="service" id="serializer.mapping.class_metadata_factory" />
            <argument type="service" id="api_platform.elasticsearch.name_converter.inner_fields" />
            <argument type="service" id="serializer.property_accessor" />
            <argument type="service" id="property_info" on-invalid="ignore" />
            <argument type="service" id="serializer.mapping.class_discriminator_resolver" on-invalid="ignore" />

            <!-- Run before serializer.normalizer.json_serializable -->
            <tag name="serializer.normalizer" priority="-890" />
        </service>

        <service id="api_platform.elasticsearch.item_data_provider" class="ApiPlatform\Core\Bridge\Elasticsearch\DataProvider\ItemDataProvider" public="false">
            <argument type="service" id="api_platform.elasticsearch.client" />
            <argument type="service" id="api_platform.elasticsearch.metadata.document.metadata_factory" />
            <argument type="service" id="api_platform.elasticsearch.identifier_extractor" />
            <argument type="service" id="serializer" />
            <argument type="service" id="api_platform.metadata.resource.metadata_factory" />

            <tag name="api_platform.item_data_provider" priority="5" />
        </service>

        <service id="api_platform.elasticsearch.collection_data_provider" class="ApiPlatform\Core\Bridge\Elasticsearch\DataProvider\CollectionDataProvider" public="false">
            <argument type="service" id="api_platform.elasticsearch.client" />
            <argument type="service" id="api_platform.elasticsearch.metadata.document.metadata_factory" />
            <argument type="service" id="api_platform.elasticsearch.identifier_extractor" />
            <argument type="service" id="serializer" />
            <argument type="service" id="api_platform.pagination" />
            <argument type="service" id="api_platform.metadata.resource.metadata_factory" />
            <argument type="tagged" tag="api_platform.elasticsearch.request_body_search_extension.collection" />

            <tag name="api_platform.collection_data_provider" priority="5" />
        </service>

        <service id="api_platform.elasticsearch.request_body_search_extension.filter" public="false" abstract="true">
            <argument type="service" id="api_platform.metadata.resource.metadata_factory" />
            <argument type="service" id="api_platform.filter_locator" />
        </service>

        <service id="api_platform.elasticsearch.request_body_search_extension.constant_score_filter" parent="api_platform.elasticsearch.request_body_search_extension.filter" class="ApiPlatform\Core\Bridge\Elasticsearch\DataProvider\Extension\ConstantScoreFilterExtension">
            <tag name="api_platform.elasticsearch.request_body_search_extension.collection" priority="30" />
        </service>

        <service id="api_platform.elasticsearch.request_body_search_extension.sort_filter" parent="api_platform.elasticsearch.request_body_search_extension.filter" class="ApiPlatform\Core\Bridge\Elasticsearch\DataProvider\Extension\SortFilterExtension">
            <tag name="api_platform.elasticsearch.request_body_search_extension.collection" priority="20" />
        </service>

        <service id="api_platform.elasticsearch.request_body_search_extension.sort" class="ApiPlatform\Core\Bridge\Elasticsearch\DataProvider\Extension\SortExtension" public="false">
            <argument type="service" id="api_platform.metadata.resource.metadata_factory" />
            <argument type="service" id="api_platform.elasticsearch.identifier_extractor" />
            <argument type="service" id="api_platform.metadata.property.metadata_factory" />
            <argument type="service" id="api_platform.resource_class_resolver" />
            <argument type="service" id="api_platform.elasticsearch.name_converter.inner_fields" />
            <argument>%api_platform.collection.order%</argument>

            <tag name="api_platform.elasticsearch.request_body_search_extension.collection" priority="10" />
        </service>

        <service id="api_platform.elasticsearch.search_filter" public="false" abstract="true">
            <argument type="service" id="api_platform.metadata.property.name_collection_factory" />
            <argument type="service" id="api_platform.metadata.property.metadata_factory" />
            <argument type="service" id="api_platform.resource_class_resolver" />
            <argument type="service" id="api_platform.elasticsearch.identifier_extractor" />
            <argument type="service" id="api_platform.iri_converter" />
            <argument type="service" id="api_platform.property_accessor" />
            <argument type="service" id="api_platform.elasticsearch.name_converter.inner_fields" />
        </service>

        <service id="api_platform.elasticsearch.term_filter" class="ApiPlatform\Core\Bridge\Elasticsearch\DataProvider\Filter\TermFilter" parent="api_platform.elasticsearch.search_filter" public="false" abstract="true" />
        <service id="ApiPlatform\Core\Bridge\Elasticsearch\DataProvider\Filter\TermFilter" alias="api_platform.elasticsearch.term_filter" />

        <service id="api_platform.elasticsearch.match_filter" class="ApiPlatform\Core\Bridge\Elasticsearch\DataProvider\Filter\MatchFilter" parent="api_platform.elasticsearch.search_filter" public="false" abstract="true" />
        <service id="ApiPlatform\Core\Bridge\Elasticsearch\DataProvider\Filter\MatchFilter" alias="api_platform.elasticsearch.match_filter" />

        <service id="api_platform.elasticsearch.order_filter" class="ApiPlatform\Core\Bridge\Elasticsearch\DataProvider\Filter\OrderFilter" public="false" abstract="true">
            <argument type="service" id="api_platform.metadata.property.name_collection_factory" />
            <argument type="service" id="api_platform.metadata.property.metadata_factory" />
            <argument type="service" id="api_platform.resource_class_resolver" />
            <argument type="service" id="api_platform.elasticsearch.name_converter.inner_fields" />
            <argument>%api_platform.collection.order_parameter_name%</argument>
        </service>
        <service id="ApiPlatform\Core\Bridge\Elasticsearch\DataProvider\Filter\OrderFilter" alias="api_platform.elasticsearch.order_filter" />
    </services>

</container>
