<?xml version="1.0" ?>

<container xmlns="http://symfony.com/schema/dic/services"
           xmlns:xsi="http://www.w3.org/2001/XMLSchema-instance"
           xsi:schemaLocation="http://symfony.com/schema/dic/services http://symfony.com/schema/dic/services/services-1.0.xsd">

    <services>
        <service id="api_platform.hydra.normalizer.documentation" class="ApiPlatform\Core\Hydra\Serializer\DocumentationNormalizer" public="false">
            <argument type="service" id="api_platform.metadata.resource.metadata_factory" />
            <argument type="service" id="api_platform.metadata.property.name_collection_factory" />
            <argument type="service" id="api_platform.metadata.property.metadata_factory" />
            <argument type="service" id="api_platform.resource_class_resolver" />
            <argument>null</argument>
            <argument type="service" id="api_platform.router" />
            <argument type="service" id="api_platform.subresource_operation_factory" />
            <argument type="service" id="api_platform.name_converter" on-invalid="ignore" />

            <tag name="serializer.normalizer" priority="-800" />
        </service>


        <!-- Event listener -->

        <service id="api_platform.hydra.listener.response.add_link_header" class="ApiPlatform\Core\Hydra\EventListener\AddLinkHeaderListener">
            <argument type="service" id="api_platform.router" />

            <tag name="kernel.event_listener" event="kernel.response" method="onKernelResponse" />
        </service>

        <!-- Serializer -->

        <service id="api_platform.hydra.normalizer.constraint_violation_list" class="ApiPlatform\Core\Hydra\Serializer\ConstraintViolationListNormalizer" public="false">
            <argument type="service" id="api_platform.router" />
            <argument>%api_platform.validator.serialize_payload_fields%</argument>
            <argument type="service" id="api_platform.name_converter" on-invalid="ignore" />

            <tag name="serializer.normalizer" priority="-780" />
        </service>

        <service id="api_platform.hydra.normalizer.entrypoint" class="ApiPlatform\Core\Hydra\Serializer\EntrypointNormalizer" public="false">
            <argument type="service" id="api_platform.metadata.resource.metadata_factory" />
            <argument type="service" id="api_platform.iri_converter" />
            <argument type="service" id="api_platform.router" />

            <tag name="serializer.normalizer" priority="-800" />
        </service>

        <service id="api_platform.hydra.normalizer.error" class="ApiPlatform\Core\Hydra\Serializer\ErrorNormalizer" public="false">
            <argument type="service" id="api_platform.router" />
            <argument>%kernel.debug%</argument>

            <tag name="serializer.normalizer" priority="-800" />
        </service>

        <service id="api_platform.hydra.normalizer.collection" class="ApiPlatform\Core\Hydra\Serializer\CollectionNormalizer" public="false">
            <argument type="service" id="api_platform.jsonld.context_builder" />
            <argument type="service" id="api_platform.resource_class_resolver" />
            <argument type="service" id="api_platform.iri_converter" />

            <!-- Run after api_platform.jsonld.normalizer.object but before serializer.normalizer.object and serializer.denormalizer.array -->
            <tag name="serializer.normalizer" priority="-985" />
        </service>

        <service id="api_platform.hydra.normalizer.partial_collection_view" class="ApiPlatform\Core\Hydra\Serializer\PartialCollectionViewNormalizer" decorates="api_platform.hydra.normalizer.collection" public="false">
            <argument type="service" id="api_platform.hydra.normalizer.partial_collection_view.inner" />
            <argument>%api_platform.collection.pagination.page_parameter_name%</argument>
            <argument>%api_platform.collection.pagination.enabled_parameter_name%</argument>
            <argument type="service" id="api_platform.metadata.resource.metadata_factory" />
            <argument type="service" id="api_platform.property_accessor" />
        </service>

        <service id="api_platform.hydra.normalizer.collection_filters" class="ApiPlatform\Core\Hydra\Serializer\CollectionFiltersNormalizer" decorates="api_platform.hydra.normalizer.collection" public="false">
            <argument type="service" id="api_platform.hydra.normalizer.collection_filters.inner" />
            <argument type="service" id="api_platform.metadata.resource.metadata_factory" />
            <argument type="service" id="api_platform.resource_class_resolver" />
            <argument type="service" id="api_platform.filter_locator" />
        </service>

        <!-- JSON Schema -->

        <service id="api_platform.hydra.json_schema.schema_factory" class="ApiPlatform\Core\Hydra\JsonSchema\SchemaFactory" decorates="api_platform.json_schema.schema_factory">
            <argument type="service" id="api_platform.hydra.json_schema.schema_factory.inner" />
        </service>

    </services>

</container>
