<?xml version="1.0" ?>

<container xmlns="http://symfony.com/schema/dic/services"
           xmlns:xsi="http://www.w3.org/2001/XMLSchema-instance"
           xsi:schemaLocation="http://symfony.com/schema/dic/services http://symfony.com/schema/dic/services/services-1.0.xsd">

    <services>
        <service id="api_platform.nelmio_api_doc.annotations_provider" class="ApiPlatform\Core\Bridge\NelmioApiDoc\Extractor\AnnotationsProvider\ApiPlatformProvider">
            <argument type="service" id="api_platform.metadata.resource.name_collection_factory" />
            <argument type="service" id="api_platform.hydra.normalizer.documentation" />
            <argument type="service" id="api_platform.metadata.resource.metadata_factory" />
            <argument type="service" id="api_platform.filter_locator" />
            <argument type="service" id="api_platform.operation_method_resolver" />

            <tag name="nelmio_api_doc.extractor.annotations_provider" />
        </service>

        <service id="api_platform.nelmio_api_doc.parser" class="ApiPlatform\Core\Bridge\NelmioApiDoc\Parser\ApiPlatformParser">
            <argument type="service" id="api_platform.metadata.resource.metadata_factory" />
            <argument type="service" id="api_platform.metadata.property.name_collection_factory" />
            <argument type="service" id="api_platform.metadata.property.metadata_factory" />
            <argument type="service" id="api_platform.name_converter" on-invalid="ignore" />

            <tag name="nelmio_api_doc.extractor.parser" />
        </service>
    </services>

</container>
