<?xml version="1.0" ?>

<container xmlns="http://symfony.com/schema/dic/services"
           xmlns:xsi="http://www.w3.org/2001/XMLSchema-instance"
           xsi:schemaLocation="http://symfony.com/schema/dic/services http://symfony.com/schema/dic/services/services-1.0.xsd">

    <services>
        <!-- Serializer -->
        <service id="api_platform.problem.encoder" class="ApiPlatform\Core\Serializer\JsonEncoder" public="false">
            <argument>jsonproblem</argument>

            <tag name="serializer.encoder" />
        </service>

        <service id="api_platform.problem.normalizer.constraint_violation_list" class="ApiPlatform\Core\Problem\Serializer\ConstraintViolationListNormalizer" public="false">
            <argument>%api_platform.validator.serialize_payload_fields%</argument>
            <argument type="service" id="api_platform.name_converter" on-invalid="ignore" />

            <tag name="serializer.normalizer" priority="-780" />
        </service>

        <service id="api_platform.problem.normalizer.error" class="ApiPlatform\Core\Problem\Serializer\ErrorNormalizer" public="false">
            <argument>%kernel.debug%</argument>

            <tag name="serializer.normalizer" priority="-810" />
        </service>
    </services>

</container>
