<?xml version="1.0" ?>

<container xmlns="http://symfony.com/schema/dic/services"
           xmlns:xsi="http://www.w3.org/2001/XMLSchema-instance"
           xsi:schemaLocation="http://symfony.com/schema/dic/services http://symfony.com/schema/dic/services/services-1.0.xsd">

    <services>
        <service id="api_platform.identifier.symfony_ulid_normalizer" class="ApiPlatform\Core\Bridge\Symfony\Identifier\Normalizer\UlidNormalizer" public="false">
            <tag name="api_platform.identifier.denormalizer" />
        </service>

        <service id="api_platform.identifier.symfony_uuid_normalizer" class="ApiPlatform\Core\Bridge\Symfony\Identifier\Normalizer\UuidNormalizer" public="false">
            <tag name="api_platform.identifier.denormalizer" />
        </service>
    </services>
</container>
