<?xml version="1.0" ?>

<container xmlns="http://symfony.com/schema/dic/services"
           xmlns:xsi="http://www.w3.org/2001/XMLSchema-instance"
           xsi:schemaLocation="http://symfony.com/schema/dic/services http://symfony.com/schema/dic/services/services-1.0.xsd">

    <services>
        <service id="api_platform.metadata.resource.name_collection_factory.annotation" decorates="api_platform.metadata.resource.name_collection_factory" class="ApiPlatform\Core\Metadata\Resource\Factory\AnnotationResourceNameCollectionFactory" public="false">
            <argument type="service" id="annotation_reader" />
            <argument>%api_platform.resource_class_directories%</argument>
            <argument type="service" id="api_platform.metadata.resource.name_collection_factory.annotation.inner" />
        </service>

        <service id="api_platform.metadata.resource.metadata_factory.annotation" decorates="api_platform.metadata.resource.metadata_factory" decoration-priority="40" class="ApiPlatform\Core\Metadata\Resource\Factory\AnnotationResourceMetadataFactory" public="false">
            <argument type="service" id="annotation_reader" />
            <argument type="service" id="api_platform.metadata.resource.metadata_factory.annotation.inner" />
            <argument>%api_platform.defaults%</argument>
        </service>

        <service id="api_platform.metadata.resource.filter_metadata_factory.annotation" decorates="api_platform.metadata.resource.metadata_factory" decoration-priority="20" class="ApiPlatform\Core\Metadata\Resource\Factory\AnnotationResourceFilterMetadataFactory" public="false">
            <argument type="service" id="annotation_reader" />
            <argument type="service" id="api_platform.metadata.resource.filter_metadata_factory.annotation.inner" />
        </service>

        <!--
        Not used, the PropertyInfo factory is preferred.

        <service id="api_platform.metadata.property.name_collection_factory.annotation" class="ApiPlatform\Core\Metadata\Property\Factory\AnnotationPropertyNameCollectionFactory" public="false">
            <argument type="service" id="annotation_reader" />
        </service>
        -->

        <service id="api_platform.metadata.property.metadata_factory.annotation" decorates="api_platform.metadata.property.metadata_factory" decoration-priority="20" class="ApiPlatform\Core\Metadata\Property\Factory\AnnotationPropertyMetadataFactory" public="false">
            <argument type="service" id="annotation_reader" />
            <argument type="service" id="api_platform.metadata.property.metadata_factory.annotation.inner" />
        </service>

        <service id="api_platform.metadata.subresource.metadata_factory.annotation" decorates="api_platform.metadata.property.metadata_factory" decoration-priority="30" class="ApiPlatform\Core\Metadata\Property\Factory\AnnotationSubresourceMetadataFactory" public="false">
            <argument type="service" id="annotation_reader" />
            <argument type="service" id="api_platform.metadata.subresource.metadata_factory.annotation.inner" />
        </service>
    </services>

</container>
